{"cameraMode":{"drawMode":0,"name":"Shaded","section":"Shading Mode"},"sceneLighting":true,"audioPlay":false,"sceneViewState":{"m_AlwaysRefresh":false,"showFog":true,"showSkybox":true,"showFlares":true,"showImageEffects":true,"showParticleSystems":true,"showVisualEffectGraphs":true,"m_FxEnabled":true},"in2DMode":false,"pivot":{"x":4.842323303222656,"y":-4.152248382568359,"z":0.06503605842590332},"rotation":{"x":0.1499369740486145,"y":-0.6852420568466187,"z":0.14735443890094758,"w":0.6972823143005371},"size":47.465206146240237,"orthographic":false}