{"cameraMode":{"drawMode":0,"name":"Shaded","section":"Shading Mode"},"sceneLighting":true,"audioPlay":false,"sceneViewState":{"m_AlwaysRefresh":false,"showFog":true,"showSkybox":true,"showFlares":true,"showImageEffects":true,"showParticleSystems":true,"showVisualEffectGraphs":true,"m_FxEnabled":true},"in2DMode":false,"pivot":{"x":12.061610221862793,"y":11.034814834594727,"z":-2.4842348098754885},"rotation":{"x":0.3282906115055084,"y":-0.15044844150543214,"z":0.05306145176291466,"w":0.9310267567634583},"size":12.292008399963379,"orthographic":true}